Latitute,Longitude,ID,Family_ID,P1_Race/eth,Version,Own_Message,RE_Ind,Obed_SR,GM_Cur,WB_Cons,DIFFERENT RESPONSES FOR SIBS,COBRAS_1_num,COBRAS_2_num,COBRAS_3_num,COBRAS_4_num,COBRAS_avg,CB_Self_choice,CB_Self_Rating_CB,CB_Self_Rating_CC,CB_Self_Rating_CB_num,CB_Self_Rating_CC_num,Self_diff,CB_Teacher_choice,CB_Teacher_Rating_CB,CB_Teacher_Rating_CC,CB_Teacher_Rating_CB_num,CB_Teacher_Rating_CC_num,Teacher_diff,Responsibility_Parents_Racism_num,Responsibility_Schools_Racism_num,Responsibility_Parents_DEI_num,Responsibility_Schools_DEI_num,Responsibility_avg,Responsibility_Parents_avg,Responsibility_Schools_avg,Responsibility_Racism_avg,Responsibility_DEI_avg,RE_Ind_num,Obed_SR_num,GM_Cur_num,WB_Cons_num,AV_sum
42.216,-88.0771,"7555, 11450",1,White or Caucasian,3,I like let them ask questions and provide answers for those questions while filling in related background information as I am able to. We don't shy away from difficult conversations. ,Independent.,Self-Reliant.,Is curious.,Considerate.,Do people really hold certain values for some of their kids and other values for their other children?,1,1,2,1,1.25,CC,Very dissimilar,Very similar,1,7,-6,CC,Dislike,Like a lot,2,7,-5,7,7,7,7,7,7,7,7,7,0,0,0,0,0
41.8907,-87.7908,"RP-0530, RP-0531, RP-0532",2,White or Caucasian,5,We celebrate diversity and confront the hard truths of systemic racism. ,Independent.,Self-Reliant.,Has good manners.,Considerate.,,1,2,1,2,1.5,CC,A little dissimilar,Very similar,3,7,-4,CC,Dislike a little,Like a lot,3,7,-4,7,7,7,7,7,7,7,7,7,0,0,1,0,1
41.94501,-87.7996,7992,3,White or Caucasian,5,"Something along the lines of that the differences in race, color, economic status, etc are what make make us all unique and that no one is better than the rest but that’s it’s really cool that we get to acknowledge and explore these diversities because it’s important for their history and our education in many different aspects ",Independent.,Self-Reliant.,Is curious.,Considerate.,,1,2,3,3,2.25,CC,A little similar,Very similar,5,7,-2,CC,Neutral,Like,4,6,-2,7,7,7,7,7,7,7,7,7,0,0,0,0,0
41.923,-87.7531,"4710, 6853",4,White or Caucasian,2,"Everyone is different in some way. Some people are tall. Some are short. Some have dark skin. Some have light skin. Some have skin that isn't dark or light. Some people speak the language we speak. Others speak different languages and come from different places. Sometimes people are treated poorly because they don't look like you and me, or they don't sound like you or me, and they aren't from where we are from. It is important we acknowledge the struggles of people who have been treated poorly, and who have been harmed because of how they may be perceived as different. And we must acknowledge the privileges we have as white Americans, and we need to use our privilege to speak up whenever we see injustices happening for people who are not as privileged. All people deserve dignity, respect, and to pursue the same opportunities we have always had handed to us. Don't forget that. Always treat everyone with love, kindness, and respect. No matter who they are, how they look, how they talk, or where they are from.",Independent.,Self-Reliant.,Is curious.,Considerate.,,1,1,1,1,1,CC,Very dissimilar,Very similar,1,7,-6,CC,Dislike,Like a lot,2,7,-5,7,7,7,7,7,7,7,7,7,0,0,0,0,0
41.8907,-87.7908,8858,5,White or Caucasian,6,"There are all different kinds of people.  We want you to strive to understand and appreciate others, both for their differences and their similarities. Because in America there is an ugly history of white racism against blacks and other minority groups that stretches back to the very beginning, we have a responsibility to make life fair and equal.    ",Independent.,Self-Reliant.,Is curious.,Considerate.,,1,1,1,1,1,CC,A little similar,Similar,5,6,-1,CC,,Like,,6,,7,7,7,7,7,7,7,7,7,0,0,0,0,0
41.9209,-87.7043,RP-0221,6,White or Caucasian,2,n/a,Respectful of Elders.,Self-Reliant.,Is curious.,Considerate.,,2,1,7,7,4.25,CC,Neutral,Very similar,4,7,-3,CC,Like a little,Like a lot,5,7,-2,6,2,6,2,4,6,2,4,4,1,0,0,0,1
41.8972,-87.6196,10722,7,White or Caucasian,4,We are all different but should be treated fairly.,Independent.,Self-Reliant.,Is curious.,Considerate.,,2,1,2,2,1.75,CC,A little dissimilar,Very similar,3,7,-4,CC,Dislike,Like a lot,2,7,-5,7,7,7,7,7,7,7,7,7,0,0,0,0,0
42.1597,-88.1414,"13356, 13357, 13358",8,White or Caucasian,1,"God create all human beings in His image and likeness. He made some look different or be from difference places, and even have different beliefs, but we must remember that it is wrong to treat someone mean because of the color of their skin or because they look or speak differently. Each person is unique and special God loves them all equally, as we should too.",Respectful of Elders.,Obedient.,Has good manners.,Considerate.,"I think the age makes a difference. Before the younger ones can be self reliant and independent, they need to learn appropriate behaviors and decision making skills so they don't hurt themselves or others. My answers may be different as they get older. I also don't know why a child couldn't be both respectful of elders but also independent. Or considerate and well-behaved.",1,3,3,2,2.25,CC,A little similar,Similar,5,6,-1,CC,Like a little,Like,5,6,-1,7,5,7,5,6,7,5,6,6,1,1,1,0,3
41.80180359,-87.59929657,8841,9,White or Caucasian,5,"Sorry, not enough time for this one.  I would focus on the importance of everyone being welcome and treated with dignity and respect; that people come from different backgrounds and life experiences and that gives us different perspectives, etc.. etc. ",Respectful of Elders.,Self-Reliant.,Is curious.,Considerate.,,1,2,5,2,2.5,CC,A little dissimilar,Similar,3,6,-3,CC,Dislike a little,Like,3,6,-3,7,7,7,6,6.75,7,6.5,7,6.5,1,0,0,0,1
42.230896,-88.33789825,6132,10,White or Caucasian,8,"People come in all shapes, sizes and colors. That’s what makes everyone unique and beautiful. However, there will always be people who want to believe they are better than others and will find a reason for that like religion or skin color or gender. Sadly many people have suffered because of this such as black people in the United States. Our history of slavery is one of the darkest periods of our country. But we need to learn about it and recognize it so it never happens again. ",Respectful of Elders.,Self-Reliant.,Has good manners.,Considerate.,,2,4,2,5,3.25,CC,Neutral,Similar,4,6,-2,CC,Like a little,Like a lot,5,7,-2,7,6,7,6,6.5,7,6,6.5,6.5,1,0,1,0,2
41.8769989,-87.78379822,"9838, 9837",11,White or Caucasian,8,"We are all different, with different bodies, different families, different experiences and different lives.  That is what makes us great.  Because when you have a problem to solve,  you can draw on the experiences of others to get better solutions.  It's kind of like painting a rainbow, the more colors and types of colors you have, the prettier the rainbow will be.   Now, in the past, some people were treated poorly because of their skin color, or because of they have a disability, or because they have a different family.  That's silly and hurtful to do.  Because even though we're all different, we're all still human beings and we need to learn to treat all human beings with respect and kindness.  Something else I want to point out.  There are people out there that will say because someone in Black or in a wheelchair, that they must act in a specific way, or think in a specific way.  That's a stereotype and it's not true.  You should be careful of those.  Don't make assumptions about people based on their skin or ability or family life. Okay?  That's very important.  There are people who want to clump everyone together, and that's not okay.  Just because yo'ure in a wheelchair, doesn't mean you have the same life experiences as everyone else in a wheelchair.  So it's important to get to know the individual, and not make assumptions based on what makes them different.",Respectful of Elders.,Self-Reliant.,Is curious.,Considerate.,,2,5,6,4,4.25,CB,Similar,Similar,6,6,0,CB,Like a little,Like a little,5,5,0,7,4,6,3,5,6.5,3.5,5.5,4.5,1,0,0,0,1
41.98980713,-87.76229858,"4236, 6939, 10708",12,White or Caucasian,4,"Each person is special and deserves to be loved and treated fairly. Sometimes we agree, sometimes we disagree, and we all make mistakes, but we all deserve respect.",Independent.,Obedient.,Is curious.,Considerate.,,2,3,3,3,2.75,CB,A little similar,Neutral,5,4,1,CB,Like a little,Neutral,5,4,1,7,5,7,5,6,7,5,6,6,0,1,0,0,1
42.72869873,-71.18340302,6196,13,White or Caucasian,7,"Someone should not be treated a particular way because of their skin, religion, language or anything else that makes them who they are.  There are some people that do this,  and it is unfair and not acceptable.  Differences are beautiful and should be celebrated. They allow us to learn and grow and have empathy. You are both black and white and should celebrate just being you! ",Respectful of Elders.,Self-Reliant.,Is curious.,Considerate.,,1,2,3,2,2,CC,Similar,Very similar,6,7,-1,CC,Like,Like a lot,6,7,-1,7,5,7,6,6.25,7,5.5,6,6.5,1,0,0,0,1
42.00959778,-87.69280243,RP-0159,14,White or Caucasian,1,Everyone is created in the image of G-d and everyone has a purpose to being in this world.,Respectful of Elders.,Self-Reliant.,Is curious.,Considerate.,,7,6,7,2,5.5,CB,Very similar,A little similar,7,5,2,CB,Like a lot,Like a little,7,5,2,7,1,7,1,4,7,1,4,4,1,0,0,0,1
42.00480652,-87.99539948,9245,15,White or Caucasian,7,"People are all different and we need to celebrate those differences and learn and grown from other people's prespectives.  There are some people who have been treated unfairly because of the color of their skin.  We need to learn and talk about those experiences, so we have a better presective how they feel and their point of view.  ",Independent.,Self-Reliant.,Is curious.,Considerate.,,1,1,2,2,1.5,CC,A little similar,Similar,5,6,-1,CC,Like a little,Like,5,6,-1,7,6,7,6,6.5,7,6,6.5,6.5,0,0,0,0,0
41.99279785,-87.80539703,4247,16,White or Caucasian,6,"People have had very different experiences in our country, our city - even our neighborhood - because of the color of their skin, where they are from, what language they speak, and all kinds of other differences.  We can't pretend that this doesn't happen, we have to work hard to stop it from happening.  It's important that we don't let those old perceptions influence how we feel about people.  We need to also be aware of how we interact with the world and with others, and see how and when we can help others to see this too.",Independent.,Self-Reliant.,Is curious.,Considerate.,,2,3,2,2,2.25,CC,A little dissimilar,Similar,3,6,-3,CC,,Like a lot,,7,,7,6,7,7,6.75,7,6.5,6.5,7,0,0,0,0,0
41.65739441,-87.67980194,"5012, 8394",17,White or Caucasian,3,"God has created people all over the world with many different cultures and customs and ways of living life. It’s amazing how much we can learn from each other. Not only do we celebrate our different cultures, but also our physical differences, and how creative our God is in making each person unique and beautiful. Throughout history people have made many terrible examples of how to treat one another with love and dignity, and this still is happening daily. It’s important that we recognize and notice when a person or group of people are not being treated justly and with dignity and respect. This is something we have to learn to speak up about and make sure we are improving our world and taking action when things need to be repaired.  ",Respectful of Elders.,Obedient.,Is curious.,Considerate.,,1,1,1,1,1,CC,Dissimilar,Very similar,2,7,-5,CC,Dislike a lot,Like a lot,1,7,-6,6,6,6,6,6,6,6,6,6,1,1,0,0,2
41.94569397,-87.73930359,8936,18,White or Caucasian,3,"Not everyone in our community has been treated fairly, we need to understand how they were treated and why it happened so we can do better. ",Independent.,Self-Reliant.,Is curious.,Considerate.,,1,5,1,2,2.25,CC,Similar,Very similar,6,7,-1,CC,Like,Like a lot,6,7,-1,6,6,7,5,6,6.5,5.5,6,6,0,0,0,0,0
41.88470459,-88.30280304,"14319, 14316",19,White or Caucasian,6,"You have experienced times that someone thought something about you that wasn't true, right?  Remember when Trump won the election, and someone at school told you that Papi would be deported? That person just assumed that because you are Latina, your Papi is Latinoand he must be in the U.S. illegally and that Trump would make that happen. That isn't true about Papi, right? How did it make you feel that someone made that statement based on your ethnic heritage? Was that a kind thing to say to you?  No, you deserve respect the same as everyone else at school. Do you think there are ever times that we should treat someone differently because we know they come from a different background? For example, if Liza's mom tells me that she wants to sign her up for volleyball like you, I might say, ""Great!"".  But if I know that Leslie's mom (mother of a friend who doesn't speak English well) wants to sign her up for sports and there are no Spanish-speaking people at the sports camp, I might offer to help Leslie's mom with registration. Did I treat the 2 moms the same? No. Why not? I changed my reaction based on something I know about them. Was I kind? I think so. But I wouldn't keep pestering Leslie's mom if she says, ""no"", she doesn't want the help. So sometimes it can be a positive thing to treat people differently based on something you know about them, but only if it's in a respectful way and for a respectful purpose.",Respectful of Elders.,Self-Reliant.,Is curious.,Considerate.,,2,2,2,2,2,CC,A little dissimilar,Similar,3,6,-3,CC,,Like,,6,,7,7,7,7,7,7,7,7,7,1,0,0,0,1
41.89570618,-87.9434967,"10458, 4744 ",20,White or Caucasian,7,We talk frequently about disabilities in my household and how everyone has different challenges and is “working on“ different things. We talk about how some people have more significant disabilities that make every day life more challenging and for those people we provide accommodations and support. We also talk about how some people have disabilities that you cannot see but things are challenging for them nonetheless. I talk about this type of thing frequently to normalize it and I say that we need to treat all people kindly and fairly and to make sure we are welcoming and inclusive in all of our interactions with others.,Independent.,Self-Reliant.,Has good manners.,Considerate.,,3,3,5,6,4.25,CC,A little similar,Similar,5,6,-1,CC,Like,Like,6,6,0,7,6,7,7,6.75,7,6.5,6.5,7,0,0,1,0,1
42.01069641,-87.66570282,4069,21,White or Caucasian,5,"Everybody should be treated equally and with respect. We also need to recognize that different people have different experiences and different beliefs about various things. It’s important that we remember that not everyone has been treated in the same manner. As white people it is our responsibility to learn how people have been (mis)treated and to stand up for people who are not white. We have unfairly been given many advantages just because of the color of our skin. We believe that our religion teaches us so; as it says in Luke 12:48, “to whom much is given, much will be required.”",Independent.,Self-Reliant.,Is curious.,Considerate.,,1,2,1,2,1.5,CC,Dissimilar,Very similar,2,7,-5,CC,Dislike,Like a lot,2,7,-5,7,6,7,6,6.5,7,6,6.5,6.5,0,0,0,0,0
41.99279785,-87.80539703,4759,22,White or Caucasian,6,Everyone is different. We all have something to share. Respect everyone. ,Respectful of Elders.,Self-Reliant.,Has good manners.,Considerate.,,2,2,5,5,3.5,CC,Similar,Similar,6,6,0,CC,,Like,,6,,7,5,7,3,5.5,7,4,6,5,1,0,1,0,2
41.99279785,-87.80539703,"6753, 14466 (sham)",23,White or Caucasian,2,"We treat everyone equally, regardless of how they look. We also want to treat others the way we wish to be treated.",Independent.,Self-Reliant.,Has good manners.,Considerate.,,3,2,6,5,4,CB,Very similar,Similar,7,6,1,CB,Like a lot,Like,7,6,1,7,6,7,5,6.25,7,5.5,6.5,6,0,0,1,0,1
41.80180359,-87.59929657,"3971, 6508",24,White or Caucasian,8,"Think about all of the kids in your classroom at school. Different kids have different strengths. Some excel in reading, some in math, some in athletics. Those are all valuable skills to have, and it's important that we recognize what each person has to contribute. Kids differ in other ways, too, such as the way they look. No one skin color or hair color or eye color is better than any other; they're just different. And those differences in how we look, what our backgrounds are, what skills we have are beautiful. It would be boring if everyone were the same.",Respectful of Elders.,Self-Reliant.,Is curious.,Considerate.,,2,2,2,4,2.5,CC,Dissimilar,Very similar,2,7,-5,CC,Dislike a little,Like a lot,3,7,-4,6,6,7,7,6.5,6.5,6.5,6,7,1,0,0,0,1
41.92149353,-87.64459991,10611,25,White or Caucasian,7,"A long time ago, people started to treat those with a darker skin color unfairly. There is still some of this even today.  If you think that you are treated unfairly, I want you to tell me so that we can see what should be done about it.",Independent.,Self-Reliant.,Is curious.,Considerate.,,1,1,2,2,1.5,CC,Neutral,Similar,4,6,-2,CC,Like a little,Like,5,6,-1,7,6,7,6,6.5,7,6,6.5,6.5,0,0,0,0,0
41.87969971,-87.64350128,7136,26,White or Caucasian,7,"Everyone has differences; different sizes, different heights, different colors, different cultures.  For example, Papa has brown skin and speaks Spanish and English. Mami Lau has brown skin and speaks Spanish. Mama has lighter skin and speaks Spanish and English. You and your siblings have different colored skin and while you speak Spanish and English, Beu only speaks English  (although she speaks a few words of Spanish with Mami Lau) and Mane, well, Mane only says about 10 words and they are a mixture of Spanish and English. And everyone in the family has different colored eyes. Unfortunately, because of differences like these, sometimes, people have treated others who are different from themselves with unkindness.  This has caused many people to feel hurt, sad and angry. But, we are able to work to make sure people who have been hurt no longer feel sad and angry.   The wonderful thing is, that we share more in common than that which makes us different from each other.  Even though in our family there are a lot of differences, the are more things in common. We all love to eat Mami Lau's popcorn around the fire; we all love reading books; and we are a family which loves to tell stories. We like to share with each other and do a really good job of cheering someone up who may be sad. Just like we do within our family, we can work hard to ensure that everyone is included and treated fairly because we are more alike than we are different. ",Respectful of Elders.,Self-Reliant.,Has good manners.,Considerate.,,1,4,1,4,2.5,CB,Very similar,A little similar,7,5,2,CB,Like,Like a little,6,5,1,7,7,7,7,7,7,7,7,7,1,0,1,0,2
41.89070129,-87.790802,7895,27,White or Caucasian,2,"All people are different: we have different hair, different skin, different ways of moving our bodies. It’s OK to notice those differences, and sometimes it’s helpful to talk about those differences. Some people are treated unfairly because of how they look and that is wrong",Respectful of Elders.,Self-Reliant.,Is curious.,Considerate.,,1,2,2,1,1.5,CC,Dissimilar,Very similar,2,7,-5,CC,Dislike,Like a lot,2,7,-5,7,7,7,7,7,7,7,7,7,1,0,0,0,1
41.94599915,-87.70330048,7533,28,White or Caucasian,8,"I would say something along the lines of that being different from one another is what makes us unique, but at the end of the day we are all humans!",Independent.,Self-Reliant.,Has good manners.,Well-behaved.,,2,2,3,3,2.5,CB,Similar,A little similar,6,5,1,CB,Like,Like a little,6,5,1,6,5,7,6,6,6.5,5.5,5.5,6.5,0,0,1,1,2
41.89720154,-87.61959839,7302,29,White or Caucasian,6,"Everyone is special, and everyone is important. People have been very unfair toward other people for a long time, like turning them into slaves and killing them because of differences, or making people with disabilities feel left out, or just being rude because of what they believe and the color of their skin. I think that’s really silly. I like to learn all sorts of stuff from all sorts of people, because it’s cool to get to know them and learn. We have to be kind to everybody. ",Independent.,Self-Reliant.,Is curious.,Considerate.,,1,2,3,2,2,CC,A little dissimilar,Very similar,3,7,-4,CC,,Like a lot,,7,,7,7,7,7,7,7,7,7,7,0,0,0,0,0
33.86810303,-118.1831055,8854,30,White or Caucasian,7,This country has a history of mistreating people based on how they look. Historically white men had all the power. It is important to treat everyone with kindness and respect amd recognize that some things are not fair because people of color were long mistreated. We have to do what we can to make sure the ground evens out and to speak up when we see mistreatment. ,Independent.,Self-Reliant.,Is curious.,Considerate.,,2,2,1,4,2.25,CC,A little similar,Very similar,5,7,-2,CC,Dislike,Like a lot,2,7,-5,6,6,6,6,6,6,6,6,6,0,0,0,0,0
41.8769989,-87.78379822,"2447, 5263",31,White or Caucasian,4,"It is important to embrace our individuality and uniqueness by celebrating our culture and race, while also recognizing that our history of mis-treating others based on their non-whiteness has had lasting effects on the systems in society today. We must look at all of these systems and begin to dismantle them down to the core in order to rebuild. ",Independent.,Self-Reliant.,Has good manners.,Well-behaved.,,1,2,3,1,1.75,CC,Dissimilar,Very similar,2,7,-5,CC,Dislike,Like a lot,2,7,-5,7,7,7,6,6.75,7,6.5,7,6.5,0,0,1,1,2
41.87640381,-87.61329651,8631,32,White or Caucasian,2,I have discussed different cultures and skin colors to my son. I have had to talk to him about why people are protesting and rioting over the the past year and a half. I have always taught him that everyone deserves respect and to be treated the same. The only exception is if someone breaks the law. I’ve tried to instill values of respect and teach him if someone is mean to him to try to ignore it. ,Respectful of Elders.,Self-Reliant.,Has good manners.,Considerate.,,2,2,7,6,4.25,CB,Very similar,Similar,7,6,1,CB,Like a lot,Like,7,6,1,7,6,7,6,6.5,7,6,6.5,6.5,1,0,1,0,2
41.50920105,-87.59380341,14228,33,White or Caucasian,2,"( i really do not know how to answer)  We talk about race that no matter what color skin is we are all the same - humans- She knows that African American people have been mistreated by the police because of their skin color- she is all  for Black Lives Matter-. I have not yet talked to her slavery of African people yet by Caucasion people - she is a very sensative child and emotional so I do not want to cause her more distress at 7 years old.  She is raised by me and her dad to respect all people- color- height, weigh,  if they have a disability to be kind to everyone.  ( I hope this makes sense)",Respectful of Elders.,Obedient.,Has good manners.,Considerate.,,2,4,7,6,4.75,CC,A little similar,Similar,5,6,-1,CB,Like a little,Like a little,5,5,0,7,3,7,5,5.5,7,4,5,6,1,1,1,0,3
41.84860229,-87.62879944,"RP-0122, RP-0123",34,White or Caucasian,7,"Everyone is special, unique and different. It's okay to look different and act different and like different things. Sometimes people are mistreated for their differences and that is not okay. There is nothing wrong or bad about being different.  We need to respect everyone regardless.. ",Respectful of Elders.,Obedient.,Has good manners.,Considerate.,,2,2,6,6,4,CB,Very similar,Similar,7,6,1,CB,Like a lot,Like,7,6,1,7,6,7,7,6.75,7,6.5,6.5,7,1,1,1,0,3
41.92300415,-87.75309753,"5165, 6020",35,White or Caucasian,2,"It is important for us to remember that not everyone is treated the same. It would be nice if they were,  but we know that's not true. We love all our friends, so we want to be sure we see them. And if we see or hear someone treating one of our friends unfairly because they are Black or transgender or use a wheelchair or whatever,  it's supee important to use our voices to speak up.  You can even just say,  ""hey, that's not cool, "" or ""why are you saying or doing that?"" You're a kid, so maybe you need to get an adult to help out,  but it's super important to speak up,  too.",Independent.,Self-Reliant.,Is curious.,Considerate.,"I want them to be independent,  but also respectful of their elders (i.e.  we discuss how their grandfather is a good example of how people are complicated.  They don't argue with him about politics, even though we all vehemently disagree with him)",2,1,2,4,2.25,CC,A little similar,Very similar,5,7,-2,CC,Like a little,Like a lot,5,7,-2,7,6,7,6,6.5,7,6,6.5,6.5,0,0,0,0,0
41.80180359,-87.59929657,9225,36,White or Caucasian,8,"Some of the aspects of classroom 2 (orange) resonated with me (e.g., everyone should be treated with respect, etc.), but the bits about ""we don't care about color"" or ""we don't pay attention to color..."" those just don't seem true. Pretending that color doesn't exist negates the existence of systemic racism and unconscious bias. When things happen in our neighborhood, I have to talk to my child about it, I feel it is my responsibility as a parent to explain why people are protesting about George Floyd's murder and similar events. ",Independent.,Self-Reliant.,Is curious.,Considerate.,,1,3,2,4,2.5,CC,A little dissimilar,A little similar,3,5,-2,CC,Dislike a little,Like a little,3,5,-2,6,6,6,6,6,6,6,6,6,0,0,0,0,0
41.69839478,-87.70310211,6932,37,White or Caucasian,7,We’re all human and conditioned by our experiences. Treat others how you would like to be treated. Having positive experiences with people different from you conditions us to understand and love each other more.,Respectful of Elders.,Self-Reliant.,Is curious.,Considerate.,,4,1,4,6,3.75,CC,Similar,Similar,6,6,0,CB,Like,Like,6,6,0,7,7,7,7,7,7,7,7,7,1,0,0,0,1
41.88830566,-87.76129913,16053,38,White or Caucasian,7,"Every person is a human being with past, culture, ethnicity, color of skin. Skin comes in hundreds of different shades. See, I am considered white, but my skin is darker than yours. And this fact does not make you love me any less, or disrespect me. You see who I am and not what  i look like. I want you to always look at people to see them, see who they are, and not what they look like and what they wear ",Independent.,Self-Reliant.,Is curious.,Considerate.,,1,2,6,4,3.25,CB,Very similar,A little similar,7,5,2,CB,Like a lot,Like,7,6,1,7,1,6,6,5,6.5,3.5,4,6,0,0,0,0,0
41.9214935,-87.6446,"15909, 15911",39,White or Caucasian,3,"We teach our children that while all people are human and part of humanity there are aspects of characteristics that make individuals and families unique. We very much stress that no person or group is more deserving of respect and resources in our world. We are upfront about the issue of racism and that they are growing-up in a time that is just now expressing and communicating about white supremacy as an overlay to our existence in the US and a majority of the world. We attempt to discuss how skin color, country of origin, religion and cultural practices allow us to more deeply understand each person. ",Independent.,Self-Reliant.,Is curious.,Considerate.,,2,1,2,2,1.75,CC,A little dissimilar,Very similar,3,7,-4,CC,Dislike a little,Like a lot,3,7,-4,7,7,7,7,7,7,7,7,7,0,0,0,0,0
41.8018036,-87.599297,"5529, 7247",40,White or Caucasian,4,"Everyone comes from different backgrounds, ethnicities, and histories and these are important to consider. We always include people regardless of how different they are from us. ",Respectful of Elders.,Self-Reliant.,Is curious.,Considerate.,,2,2,2,2,2,CC,Dissimilar,Similar,2,6,-4,CC,Dislike,Like,2,6,-4,6,6,6,5,5.75,6,5.5,6,5.5,1,0,0,0,1
30.1707001,-95.5019,16139,41,White or Caucasian,1,"Our family has lots of friends, don't we? You've probably noticed that all of your friends have different colors of skin, hair, and eyes.  People can be different in lots of ways. Some of our friends also speak different languages - fun right? - and some of our friends believe different things. You know in our family we believe that God created everyone special - He gave everyone different beautiful hair, skin, and eye colors, made them tall or short.  He gave everyone a different family background and different things they're good at.  Just like God loves everyone very much, we should love everyone we meet and celebrate the way God made them..  Sadly, not everyone knows that.  Some people are treated unfairly because of the color of their skin, or the language they speak or what they believe.  It's really important that we welcome and include everyone and celebrate everyone, and that we say something if we see anyone being treated unfairly.",Independent.,Obedient.,Is curious.,Considerate.,,1,1,2,2,1.5,CC,A little dissimilar,Very similar,3,7,-4,CC,Dislike a little,Like,3,6,-3,6,6,7,7,6.5,6.5,6.5,6,7,0,1,0,0,1
41.8936005,-87.814201,"9693, 9694 ",42,White or Caucasian,6,"The diversity of the human race is amazing. People come with all different skin colors, and in all shapes and sizes. People have their own values and cultures, languages and customs, preferences and personalities. It's important to recognize that all of these factors influence and make up who we are. Some things we will have in common with others, and some things will make us different. All of these things make people interesting! We can learn about ourselves and others by being curious, by being respectful and kind, and by being good listeners.",Respectful of Elders.,Self-Reliant.,Is curious.,Considerate.,,1,2,2,2,1.75,CC,Dissimilar,Similar,2,6,-4,CC,,Like,,6,,7,6,6,5,6,6.5,5.5,6.5,5.5,1,0,0,0,1
42.0354004,-87.737,6392,43,White or Caucasian,1,"God made everyone in the world, and everybody is different, and everybody is special. Unfortunately, some people think they are better than others. Sometimes they treat people unfairly because they have dark skin like Shanthi, or because they're in a wheelchair like Caleb. In our country, White people treated Black people really terribly for hundreds of years. That was totally wrong and unfair, but it's how our society was set up. Things are better now, but they still aren't perfect. People with Black skin still get treated unfairly, sometimes in ways that White people don't even notice. Since we are White, we have a special responsibility to pay attention and to stand up against racism, just like you've learned to stand up against bullies at school. Fighting against racism is important because it makes the world better for everyone.",Independent.,Self-Reliant.,Is curious.,Considerate.,,1,1,1,2,1.25,CC,Dissimilar,Similar,2,6,-4,CC,Dislike,Like a lot,2,7,-5,7,7,7,7,7,7,7,7,7,0,0,0,0,0
41.809494,-87.652199,9071,44,White or Caucasian,6,We have a unique situation where we are a transracial family and also have multiple children in our family with disabilities.  Therefore we always talk to our children in a way that celebrates each one of them as unique individuals.  We often discuss though how others may not treat them all equally based on either the color of their skin or their perceived disability.  We tell them to recognize all people as individuals and respect and value differences. ,Respectful of Elders.,Self-Reliant.,Is curious.,Considerate.,,1,1,1,1,1,CC,Very dissimilar,Very similar,1,7,-6,CC,,Like a lot,,7,,7,5,7,5,6,7,5,6,6,1,0,0,0,1
41.9555054,-87.661301,10230,45,White or Caucasian,6,"Our country has a history of unjustly treating people of color, queer, non-binary and trans people, people who immigrate to the US or are indigenous to this land, people who practice religion outside of Christianity, people who don‚Äôt have a lot of money, fat people, people with disabilities, and more. Part of our responsibility, especially as white, able-bodied people, is to fight back against these injustices and work towards making our community and our country more fair for everyone. ",Independent.,Self-Reliant.,Is curious.,Considerate.,,1,2,2,2,1.75,CC,Dissimilar,Similar,2,6,-4,CC,,Like a lot,,7,,7,7,7,7,7,7,7,7,7,0,0,0,0,0
41.7608948,-88.015099,8599,46,White or Caucasian,5,Treat everyone with respect.  Try to learn about the differences others have faced in their life.  Be empathetic and curious.  ,Respectful of Elders.,Self-Reliant.,Is curious.,Considerate.,,5,4,4,6,4.75,CB,Very similar,Very similar,7,7,0,CB,Like a lot,Like a little,7,5,2,7,5,7,5,6,7,5,6,6,1,0,0,0,1
41.8018036,-87.599297,7385,47,White or Caucasian,4,"Some of our neighbors or friends at school have been treated badly because they look differently than we do--mostly because of the color of their skin. This has been true for a long time and sometimes it's still true today. That is sad because we shouldn't be thinking less of other people because of how they look. We should treat everyone kindly. God tells us that we are all his children and created in his image. God made us all different and special in our own way. He created so many different types of people and we are all worthy of respect and kindness. If there is someone different around you, see if you can find something special about them or ask mom and dad if you feel uncomfortable or have a question about something. We can help you figure out what is different and how we can talk to that person with respect and kindness. ",Respectful of Elders.,Obedient.,Is curious.,Considerate.,,2,2,2,2,2,CC,A little similar,Similar,5,6,-1,CC,Neutral,Like a lot,4,7,-3,6,6,7,6,6.25,6.5,6,6,6.5,1,1,0,0,2
41.9209,-87.7043,8788,48,White or Caucasian,5,"It's important to always listen, be kind and compassionate. You will learn the most in life by making relationships with people who are different than you and it is our responsibility to leave the world a better place than how we inherited it.",Independent.,Self-Reliant.,Is curious.,Considerate.,,1,2,4,3,2.5,CC,Similar,Very similar,6,7,-1,CC,Like,Like a lot,6,7,-1,6,5,6,6,5.75,6,5.5,5.5,6,0,0,0,0,0
42.03419,-87.7568,10130,49,White or Caucasian,2,"Every person has different experiences and backgrounds. Their families have different histories. These differences among people is beautiful and diversity among people can lead to a more full experience of life since we all benefit from learning and understanding new histories and ways of thinking. People historically, and still today, can be treated differently because of the way they look or behave or live. It’s our job as humans to make sure we embrace differences among people and do whatever we can to help people reach new heights. Even if that means we step back so they can shine. Allowing people different from us to shine is a beautiful way to support them and create a more just world for all. ",Independent.,Self-Reliant.,Is curious.,Considerate.,,1,1,1,1,1,CC,Dissimilar,Very similar,2,7,-5,CC,Dislike,Like a lot,2,7,-5,7,7,7,7,7,7,7,7,7,0,0,0,0,0
41.7415,-87.5962,6703,50,White or Caucasian,4,People come in all shapes and sizes and skin tones. Everyone deserves to be respected no matter what color they are. They are the same inside as you and I. They deserve the same opportunities and freedoms that we have. ,Respectful of Elders.,Self-Reliant.,Has good manners.,Considerate.,,4,4,7,7,5.5,CC,Similar,Similar,6,6,0,CC,Like,Like,6,6,0,7,7,6,6,6.5,6.5,6.5,7,6,1,0,1,0,2
41.43491,-88.2183,11575,51,White or Caucasian,5,People of color have been treated badly in the past and still are. We do not treat people differently because of the color of their skin or how much money they have. ,Independent.,Obedient.,Is curious.,Considerate.,,1,1,5,5,3,CC,A little similar,Very similar,5,7,-2,CC,Like a little,Like a lot,5,7,-2,7,7,7,5,6.5,7,6,7,6,0,1,0,0,1
41.8018,-87.5993,14124,52,White or Caucasian,5,"People are all different in many different ways and it is import at to get to know others by talking to them to understand their experiences and points of view. It is ok to have a different perspective- everyone needs to try to empathize with one another. In fact, being different or having varying viewpoints can be good and can be celebrated. And it is never ok to be unkind to someone just because they are different than you in any way.",Independent.,Self-Reliant.,Is curious.,Considerate.,,1,1,1,1,1,CC,A little similar,Similar,5,6,-1,CC,Like a little,Like,5,6,-1,7,7,7,7,7,7,7,7,7,0,0,0,0,0
41.9555054,-87.661301,8209,53,White or Caucasian,4,"All people have different skin colors, height, shapes, sizes and looks but it doesn't mean we should treat each other differently! We are all people and should live friendly without any prejudice.",Independent.,Self-Reliant.,Is curious.,Considerate.,,4,4,7,7,5.5,CC,A little similar,Similar,5,6,-1,CC,Like a little,Like a lot,5,7,-2,6,7,7,6,6.5,6.5,6.5,6.5,6.5,0,0,0,0,0
41.8018036,-87.599297,"8713, 8714",54,White or Caucasian,8,"This conversation is rarely happening in the abstract- it is usually triggered by something they saw or heard.  That being said, we tend to ask questions about what they think if right and fair, why they think that, and why they think it may not be that way now.  We have talked about different groups being treated unfairly leading to some families not having the opportunities as everyone else.",Independent.,Self-Reliant.,Is curious.,Considerate.,,2,3,5,3,3.25,CC,Neutral,Similar,4,6,-2,CC,Dislike a little,Like a little,3,5,-2,6,5,6,5,5.5,6,5,5.5,5.5,0,0,0,0,0
41.8018,-87.5993,"7444, 4252",55,White or Caucasian,3,"We treat everyone with kindness and respect no matter what color, race, ethnicity, religion they are. And yes it is absolutely disgusting that our country and world has a history of racism and violence towards certain races, ethnicities and religions. We can do out part and knowing who everyone is and treating everyone wIth kindness. ",Respectful of Elders.,Self-Reliant.,Has good manners.,Considerate.,,2,3,5,4,3.5,CB,Similar,A little similar,6,5,1,CB,Like,Like,6,6,0,7,6,6,7,6.5,6.5,6.5,6.5,6.5,1,0,1,0,2
41.6963,-87.6576,"16780, 16778",56,White or Caucasian,3,"In the past, people have sometimes been treated unfairly, even cruelly, based on things about themselves they cannot help - disabilities, gender, or the color of their skin. Although people have been working to improve this and eliminate this unfairness, this still happens today. We need to make sure we don't do this and that we stand up for people if we see this happening.",Respectful of Elders.,Self-Reliant.,Is curious.,Considerate.,,1,3,5,3,3,CC,Similar,Very similar,6,7,-1,CC,Like,Like a lot,6,7,-1,6,5,7,5,5.75,6.5,5,5.5,6,1,0,0,0,1
41.7212,-87.7037,10016,57,White or Caucasian,8,Friends are friends no matter what. Live people for who they are and how good of a friend they are not because of the way anyone looks. ,Respectful of Elders.,Self-Reliant.,Is curious.,Considerate.,,2,2,3,4,2.75,CC,Dissimilar,Very similar,2,7,-5,CC,Dislike a little,Like a lot,3,7,-4,7,6,7,7,6.75,7,6.5,6.5,7,1,0,0,0,1
41.6984,-87.7031,"10131, 10132",58,White or Caucasian,6,"Our country has a long and complicated history of causing pain to people who have darker skin. Some people are trying to do better, and some people think it is important for people with white skin to be in control. (I would ask them questions about what they think is fair and right.) In our family we think it‚Äôs very important to stand up and speak up for people who are being harmed. We have white skin, so we learn about what people with white skin have done wrong in the past, and we try to do better. We are not perfect, but we work to be brave and kind.",Independent.,Self-Reliant.,Is curious.,Considerate.,,1,2,2,2,1.75,CC,A little dissimilar,Similar,3,6,-3,CC,,Like,,6,,7,6,7,6,6.5,7,6,6.5,6.5,0,0,0,0,0
41.8874,-87.6318,6059,59,White or Caucasian,8,We should always recognize people's differences and celebrate this.  We don't want to live in a world where everyone is the same.  We should always treat everyone with respect and kindness.,Independent.,Self-Reliant.,Is curious.,Considerate.,"I strongly believe in all of these things, so most of these were tough.",2,2,3,2,2.25,CC,Dissimilar,Very similar,2,7,-5,CC,Dislike,Like a lot,2,7,-5,6,6,6,6,6,6,6,6,6,0,0,0,0,0
42.2168,-88.2445,8662,60,White or Caucasian,3,"I would teach we are all brothers and sisters, everyone deserves kindness and respect and to be included.",Respectful of Elders.,Self-Reliant.,Has good manners.,Considerate.,,4,3,7,6,5,CB,Very similar,A little similar,7,5,2,CB,Like a lot,Like a little,7,5,2,6,6,6,6,6,6,6,6,6,1,0,1,0,2
41.5852,-87.8059,5890,61,White or Caucasian,4,"The color of someone's skin is just like eye color, something given by genetics and not because of who they are or represent in morals and behavior. ",Independent.,Self-Reliant.,Is curious.,Considerate.,,2,1,3,2,2,CC,A little similar,Very similar,5,7,-2,CC,Like a little,Like a lot,5,7,-2,7,6,7,7,6.75,7,6.5,6.5,7,0,0,0,0,0
42.0107,-87.6657,RP-0184,62,White or Caucasian,3,"There are lots of things that make each of us different from one another: skin color, hair styles, body shapes, ways that we view certain things or have certain feelings or the beliefs that we have (among other things). Lots of people are treated unfairly because of these reasons. It's important to show kindness and respect for others who are different from us, and it's ok to look differently or believe differently. ",Independent.,Self-Reliant.,Is curious.,Considerate.,,1,2,1,2,1.5,CC,Dissimilar,Similar,2,6,-4,CC,Dislike,Like,2,6,-4,6,6,7,7,6.5,6.5,6.5,6,7,0,0,0,0,0
41.9703,-87.664,RP-0381,63,White or Caucasian,7,"One reason we send you to the school you go to is that they focus on some values that are important to our family. One of those values, equality, means that we want to treat every one with kindness and respect, and we want you to understand that being fair is for everyone. We want to be glad for all the things that make us who we are, and learn from our friends what makes them who they are.",Independent.,Self-Reliant.,Is curious.,Considerate.,,2,1,1,2,1.5,CC,Dissimilar,Very similar,2,7,-5,CC,Dislike a little,Like a lot,3,7,-4,7,7,7,6,6.75,7,6.5,7,6.5,0,0,0,0,0
42.4655,-88.1162,7455,64,White or Caucasian,4,"People are different despite the fact that we are all people. Some may say that the color of your skin isn‚Äôt important, but the color of someone‚Äôs skin can affect how well thing go for them in life. Since you‚Äôre white, you likely won‚Äôt have to go through as much hardship as someone who doesn‚Äôt have white skin. This doesn‚Äôt mean that everything will be easy for you, but it means that you will likely have an easier time accomplishing your goals and living life. It‚Äôs important to make sure all voices have a say or a an opportunity to make up the rules of our society. Your experience is not the same as everyone else‚Äôs and this is why everyone should have the chance to get involved. ",Independent.,Self-Reliant.,Is curious.,Considerate.,,1,2,2,2,1.75,CC,A little dissimilar,Very similar,3,7,-4,CC,Dislike a little,Like a lot,3,7,-4,6,6,6,6,6,6,6,6,6,0,0,0,0,0
41.8783,-87.6907,11357,65,White or Caucasian,6,"In our home, we talk about the importance of diversity and highlight positive role models of different races & ethnicities. We notice different races and model positive ways to discuss race. We emphasize no one is better because of their skin color. My children are aware of the history of oppression and racism Black people have experienced. We've talked about racist policies and how they aren't fair or just. My children attend a majority Black school, so DEI is part of their daily lives.",Independent.,Self-Reliant.,Is curious.,Considerate.,,2,2,2,2,2,CC,A little dissimilar,Similar,3,6,-3,CC,,Like,,6,,7,5,7,6,6.25,7,5.5,6,6.5,0,0,0,0,0
41.8018,-87.5993,"9480, 9479",66,White or Caucasian,2,"People whose ancestors lived in different parts of the world can look different from one another. We all have differences that make us unique. Isn‚Äôt it wonderful that we aren‚Äôt all the same? We can celebrate the ways we are similar and the ways we are different. It‚Äôs also important to make sure that people are never treated unfairly because of these differences. Get to know people before you make judgments about them. When you notice people treating other people unfairly, you should let them know what you see. You would want other people to stand up for you in the same way. Just ignoring things or hoping that it will go away on its own  actually makes things worse because it makes people think that you are OK with what is happening. I want you to have lots of different friends. It will make your life more meaningful.",Independent.,Self-Reliant.,Is curious.,Considerate.,,2,2,3,2,2.25,CC,Similar,Very similar,6,7,-1,CC,Like a little,Like a lot,5,7,-2,7,6,7,6,6.5,7,6,6.5,6.5,0,0,0,0,0
41.9704,-87.7036,RP-1049 ,67,White or Caucasian,1,People of different races have been and still are treated unfairly.  This needs to stop.  Someone's skin color doesn't tell you everything about them.  Think about how they may have been treated because of it before you judge their actions.,Independent.,Self-Reliant.,Is curious.,Considerate.,,3,3,6,5,4.25,CC,A little similar,Very similar,5,7,-2,CC,Like a little,Like,5,6,-1,7,5,6,5,5.75,6.5,5,6,5.5,0,0,0,0,0
41.9209,-87.7043,9520,68,White or Caucasian,2,"In many ways we are all the same, but in other ways we are different, and that's a beautiful thing. It is important that we seek to understand that the way that we view the world is not the only way and that we seek to understand other people's perspective on the world because there is great value in that diversity. It is also important that we are aware of how our society is set up to benefit people in different ways, and that we, especially as people who benefit from that, do what we can to help those who are unfairly disadvantaged and use our voices to make changes to that system. ",Independent.,Self-Reliant.,Is curious.,Considerate.,,1,2,1,1,1.25,CC,Very dissimilar,Very similar,1,7,-6,CC,Dislike,Like a lot,2,7,-5,7,7,7,7,7,7,7,7,7,0,0,0,0,0
41.946,-87.7033,"4561, 6337",69,White or Caucasian,5,"It depends on the age of the child. If they are older, my response would include more of the harsh realities of history and present day. If younger, it would be more general about treating people fairly and including everyone because everyone has special talents and strengths to contribute to the world.",Respectful of Elders.,Self-Reliant.,Has good manners.,Well-behaved.,,1,1,2,1,1.25,CC,Similar,Very similar,6,7,-1,CC,Like,Like a lot,6,7,-1,7,7,7,7,7,7,7,7,7,1,0,1,1,3
41.7697,-87.6985,"6080, 8378",70,White or Caucasian,5,"At the end of the day, we are all the same, you and the other kids in your class are there to learn.  It doesn't matter what someone wears, looks, talks, or even who is in their family.",Respectful of Elders.,Self-Reliant.,Is curious.,Considerate.,,1,6,7,7,5.25,CB,Very similar,Similar,7,6,1,CB,Like a lot,Like a lot,7,7,0,7,6,7,6,6.5,7,6,6.5,6.5,1,0,0,0,1
42.5881,-88.4554,"8227, 8228, 8229",71,White or Caucasian,2,God made all different kinds of people for his glory. Each of us are made in God‚Äôs image. We should celebrate our similarities as well as our differences.,Respectful of Elders.,Self-Reliant.,Has good manners.,Considerate.,,2,2,4,5,3.25,CC,Similar,Similar,6,6,0,CC,Like a lot,Like,7,6,1,7,5,7,7,6.5,7,6,6,7,1,0,1,0,2
41.945,-87.7996,11468,72,White or Caucasian,3,"Every person deserves to be treated fairly. For too long, our country has not done a good job of treating people fairly, especially Black people. They thought because their skin was different than ours, that meant they weren't as good a person. We know that everyone has the potential to be smart and good kind, and that the color of your skin has nothing to do with that. We need to celebrate our differences. All our different cultures have things that are unique and wonderful about them.",Independent.,Self-Reliant.,Is curious.,Considerate.,,1,2,3,2,2,CC,Dissimilar,Similar,2,6,-4,CC,Neutral,Like a lot,4,7,-3,6,6,6,4,5.5,6,5,6,5,0,0,0,0,0
41.9703,-87.664,9276,73,White or Caucasian,1,"Everybody is different in their own way, and that's what makes the world such an interesting place -- it presents us a chance to learn about all of these differences and celebrate them. At the same time, most people want many of the same fundamental things -- food, shelter, love, respect, autonomy.",Independent.,,Is curious.,Considerate.,I think kids needs to be both self-reliant and obedient -- though by obedient I don't mean mindless. They should know how to follow directions; they should also know how to think and work on their own.,4,2,6,4,4,CC,A little similar,Similar,5,6,-1,CC,Like a lot,Like a lot,7,7,0,7,7,6,5,6.25,6.5,6,7,5.5,0,,0,0,0
42.0342,-87.7568,12052,74,White or Caucasian,1,"I love that you have friends of many skin colors and many cultures. Let's learn about your friends' cultures to understand them better. Some friends have different skin colors than you have, and sometimes that affects the way they are treated. It's important to learn about your friends' experiences.",Independent.,Self-Reliant.,Is curious.,Considerate.,,1,1,1,1,1,CC,Dissimilar,Very similar,2,7,-5,CC,Dislike,Like a lot,2,7,-5,7,5,7,6,6.25,7,5.5,6,6.5,0,0,0,0,0
42.1212,-87.8405,"16980, 16817",75,White or Caucasian,4,"Throughout your life you will meet many people from different backgrounds, race, religion and gender. It‚Äôs important to always have curious eyes, listening ears, and a compassionate heart to include and learn from others.",Independent.,Self-Reliant.,Is curious.,Considerate.,,1,2,7,4,3.5,CC,A little similar,Very similar,5,7,-2,CC,Like a lot,Like a lot,7,7,0,6,6,7,7,6.5,6.5,6.5,6,7,0,0,0,0,0
41.9704,-87.7036,"RP-1037, RP-1038",76,White or Caucasian,8,"What do you like about your school? . . . I like that your school has lots of different kinds of kids, and lots of kinds of families. It‚Äôs pretty cool that your classmates might have food in their lunch that‚Äôs new to you. And that they celebrate holidays that aren‚Äôt ones we celebrate. And I like that you‚Äôre curious about learning about these things that make you and your friends unique. ",Independent.,Self-Reliant.,Is curious.,Considerate.,,1,2,2,2,1.75,CC,A little dissimilar,Very similar,3,7,-4,CC,Dislike a little,Like,3,6,-3,7,6,7,7,6.75,7,6.5,6.5,7,0,0,0,0,0
41.8018,-87.5993,8092,77,White or Caucasian,8,People in our country and our community have been treated differently for a long time depending on who they are and what they look like. Our family believes that we should help people with Black and brown skin because they have not had opportunities our family has had because of their skin color. We also work hard to change how our government works so that people can get the same opportunities no matter what they look like.,Respectful of Elders.,Self-Reliant.,Has good manners.,Considerate.,,1,2,2,2,1.75,CC,A little dissimilar,Very similar,3,7,-4,CC,Like a little,Like a lot,5,7,-2,7,7,7,7,7,7,7,7,7,1,0,1,0,2
42.0096,-87.6928,8514,78,White or Caucasian,1,Some people are treated differently because of the color of their skin.,Independent.,Self-Reliant.,Is curious.,Considerate.,,2,1,4,2,2.25,CB,Similar,Similar,6,6,0,CB,Like a lot,Like,7,6,1,7,5,7,7,6.5,7,6,6,7,0,0,0,0,0
41.871,-87.6289,"4570, 4571",79,White or Caucasian,3,People have more similarities than differences even when we look different on the outside. Our insides are very similar. People were created in all different ways so that we can each contribute our own uniqueness to the world. Our differences are what make us special. No one has the exact unique characteristics that you do and it's your job to pay attention to them and contribute those qualities to the world. The world is depending on your unique abilities and perspectives.,Independent.,Self-Reliant.,Is curious.,Considerate.,My kids are twins. As a psychologist Ive seen many twins have issues about being treated as 'older or younger' so we've never told them their birth order. They know biologically they're 1 min apart but we let them choose and take turns telling people who's older/younger.  I probably noted that they're both the 'oldest' on the forms.,1,1,1,5,2,CC,Dissimilar,Very similar,2,7,-5,CC,Dislike a lot,Like a lot,1,7,-6,7,7,7,7,7,7,7,7,7,0,0,0,0,0
,,10586,80,White or Caucasian,1,,,,,,,2,3,4,5,3.5,CB,Similar,A little similar,6,5,1,CC,Like,Like a lot,6,7,-1,5,4,5,5,4.75,5,4.5,4.5,5,,,,,
41.8936,-87.8142,"10108, 10109",81,White or Caucasian,6,"It is very important that you are respectful of everyone regardless of how they look (color of skin, hair, etc) and how they are and how they think. It is ok to be different and it is is how the world is interesting. If we were all similar it is not fun. We need diffences . ",Respectful of Elders.,Self-Reliant.,Has good manners.,Considerate.,,2,2,6,6,4,CB,A little similar,A little similar,5,5,0,CB,,Like,,6,-6,7,6,7,6,6.5,7,6,6.5,6.5,1,0,1,0,2
41.8764,-87.6133,4709,82,White or Caucasian,3,All people are equal. ,Respectful of Elders.,Self-Reliant.,Has good manners.,Well-behaved.,,3,4,5,6,4.5,CB,Similar,Dissimilar,6,2,4,CB,Like,Dislike,6,2,4,6,6,6,6,6,6,6,6,6,1,0,1,1,3
42.2168,-88.2445,12073,83,White or Caucasian,8,"We are all created uniquely and look differently and it is important to treat everyone with kindness and dignity no matter their skin color, clothing they wear, the way they talk or if they act different than you because of a disability.  You can be friends with everyone and play with all kinds of people, that will make playing more fun and exciting.",Respectful of Elders.,Self-Reliant.,Has good manners.,Considerate.,,1,4,6,6,4.25,CC,A little dissimilar,Similar,3,6,-3,CC,Dislike,Like,2,6,-4,7,5,7,5,6,7,5,6,6,1,0,1,0,2
41.9905,-87.6679,"8039, 8040, 8041",84,White or Caucasian,5,We should celebrate our differences and how we are all special.  Treat everyone with kindness and respect.,Independent.,Self-Reliant.,Has good manners.,Considerate.,,3,3,4,4,3.5,CC,A little dissimilar,Similar,3,6,-3,CC,Dislike a little,Like,3,6,-3,6,6,6,6,6,6,6,6,6,0,0,1,0,1
41.972,-87.7596,10031,85,White or Caucasian,5,Everyone is different and that is ok. It is never ok not to include someone based on how they look. You need to be respectful of everyone‚Äôs differences. ,Independent.,Self-Reliant.,Is curious.,Considerate.,,2,3,3,2,2.5,CC,A little dissimilar,Similar,3,6,-3,CC,Dislike a little,Like,3,6,-3,6,6,6,6,6,6,6,6,6,0,0,0,0,0
41.8986,-87.738,7597,86,White or Caucasian,4,"People come in all shapes, sizes, colors, and abilities. It is important that we treat everyone with respect and kindness. Differences should be celebrated and learned from rather than glossed over or ignored. Sharing food or music is a great way to get to know others.",Respectful of Elders.,Self-Reliant.,Is curious.,Considerate.,,1,2,5,2,2.5,CC,A little dissimilar,Similar,3,6,-3,CC,Dislike a little,Like a lot,3,7,-4,7,7,7,7,7,7,7,7,7,1,0,0,0,1
41.8936,-87.8142,10379,87,White or Caucasian,1,We want everyone to feel safe and included no matter what they look like. Block people in our country has been treated differently for a long time. You might have heard different beliefs that people might have when someone looks different. It‚Äôs is everyone‚Äôs job to notice when they hear or think those things. We need to make sure that we are changing rules or ways of being together that don‚Äôt help everyone feelnpry of the group n,Independent.,Self-Reliant.,Is curious.,Considerate.,,1,1,1,1,1,CC,Very dissimilar,Very similar,1,7,-6,CC,Dislike a lot,Like a lot,1,7,-6,7,7,7,7,7,7,7,7,7,0,0,0,0,0
41.8018,-87.5993,8617,88,White or Caucasian,3,"It is important to treat people with kindness and respect.  Everyone that you meet has something in common with you; it may not be obvious at first, but if you talk to them and get to know them you might find something in common.  And everyone you meet has lots of things about them that are different than you!  That's what makes you special.  That's what makes each of us special.  Some people are treated differently only because of the color of their skin.  That is called prejudice, thinking that you know something about someone only by looking at them, and judging them before you get to know them.  Treating people differently because of this prejudice is racism, and it is hurtful and wrong.  Even if what you are thinking seems positive (like, oh they have the same color skin as my friend and she's really smart, I bet they are really smart too) it is harmful to make judgments about people only based on what they look like.  I hope that you will get to know the people in your class and enjoy learning about how you are alike and how you are different.  And I expect you to treat all of your classmates with kindness and respect.  ",Respectful of Elders.,Self-Reliant.,Is curious.,Considerate.,"I think at this age (6) it is more important for my child to be respectful of elders than independent, but as she ages I hope that shifts.  As she develops skills, knowledge, wisdom, and experience I hope she will become more independent.",2,2,3,3,2.5,CC,Very dissimilar,Similar,1,6,-5,CC,Dislike,Like,2,6,-4,7,6,7,6,6.5,7,6,6.5,6.5,1,0,0,0,1
41.9209,-87.7043,6565,89,White or Caucasian,1,It is ipoetnant that we respect and learn about each other‚Äôs races and cultures. We need to celebrate our differences and treat all people with respect.,Independent.,Self-Reliant.,Is curious.,Considerate.,,1,1,1,2,1.25,CC,Similar,Very similar,6,7,-1,CC,Like a little,Like a lot,5,7,-2,7,7,7,7,7,7,7,7,7,0,0,0,0,0
41.9928,-87.8054,"19839, 19840",90,White or Caucasian,4,"We focus on treating everybody kindly and fairly. We talk about our personal unique qualities and how we are different in the family, and all loved and important and valuable and how that applies to everybody. I focus on the ""golden rule"" with my children a lot - ""Treat others as you would want to be treated."" - and talk about using that as a guide to be sure we are treating all others in the best, most respectful way possible. ",Independent.,Self-Reliant.,Is curious.,Considerate.,,3,5,5,3,4,CB,A little similar,A little dissimilar,5,3,2,CB,Like a little,Dislike a little,5,3,2,7,1,7,1,4,7,1,4,4,0,0,0,0,0
42.1597,-88.1414,4702,91,White or Caucasian,1,"God created us all differently but loves us all equally. We should show love to all of God‚Äôs creation, including people of all different races and ethnicities. ",Respectful of Elders.,Obedient.,Has good manners.,Considerate.,,4,3,5,4,4,CC,A little similar,A little similar,5,5,0,CB,Neutral,Neutral,4,4,0,6,5,7,3,5.25,6.5,4,5.5,5,1,1,1,0,3
39.7684,-86.158,4758,92,White or Caucasian,5,"It's important to realize that some people haven't been treated fairly due to the color of their skin or because of their gender. Some people want their differences celebrated, some want their differences to not be a highlight. It's important to be sensitive to how people want to talk about diversity and understand that their feelings may differ a lot about the topic.",Respectful of Elders.,Self-Reliant.,Is curious.,Considerate.,,3,2,3,3,2.75,CB,Very similar,A little dissimilar,7,3,4,CB,Like,Dislike a little,6,3,3,4,5,6,5,5,5,5,4.5,5.5,1,0,0,0,1
41.7821,-87.6046,8144,93,White or Caucasian,7,"It is important that we include everyone and work to make sure they are comfortable in our space. We all have different skin tones, cultures, and lives which make us unique. That should be appreciated and celebrated. Additionally, we are all humans, which means that we should all be treated equally in the world. No skin color, culture, or life is worth more than another‚Äôs. In the past, it was common for people to treat some cultures and skin colors badly and believe they were superior. We know this was wrong, so now we recognize and celebrate our differences while also trying to make right for the wrong decisions of the last and fix our world to remove the unfairnesses that still exist.",Independent.,Self-Reliant.,Has good manners.,Considerate.,,1,1,1,1,1,CC,A little similar,A little similar,5,5,0,CC,Like a little,Like,5,6,-1,7,7,7,7,7,7,7,7,7,0,0,1,0,1
41.8018,-87.5993,"4875, 7391",94,White or Caucasian,1,"My faith informs how I approach this. I would talk about how God made everyone and loves everyone dearly. Our diversity is important. God notices our differences and made each person good. Our differences go together to reflect God's full image, together. Some people have been mistreated or discriminated against because of their differences. That is not okay. We should be careful to notice the ways we participate in this and seek to care for everyone. We should advocate for those who have less power and privilege. Everyone matters.",Respectful of Elders.,Self-Reliant.,Is curious.,Considerate.,I think older children bear a responsibility for caring for their younger siblings. I think this is extended to everyone - we should all care for those who have less power/status,2,2,2,2,2,CC,A little dissimilar,Very similar,3,7,-4,CC,Like a lot,Dislike,7,2,5,7,7,7,7,7,7,7,7,7,1,0,0,0,1
41.972,-87.7596,8834,95,White or Caucasian,6,"I have noticed that kids usually play without paying attention to their friends‚Äô race, color or ethnicity. Therefore without emphasizing the skin color, or ethnicity, I would teach my kids to be kind and nice to everyone, and treat people fairly. ",Respectful of Elders.,Self-Reliant.,Has good manners.,Considerate.,,5,5,6,6,5.5,CB,Similar,A little dissimilar,6,3,3,CB,,Like,,6,,6,3,6,3,4.5,6,3,4.5,4.5,1,0,1,0,2
42.3291016,-71.181503,"8159, 8160",96,White or Caucasian,2,I would explain multiple situations of individuals feeling like less or treated differently -- not focus on one group.,Independent.,Self-Reliant.,Is curious.,Considerate.,,1,2,3,3,2.25,CB,Very similar,Dissimilar,7,2,5,CB,Like a lot,Neutral,7,4,3,7,7,7,7,7,7,7,7,7,0,0,0,0,0
41.8018,-87.5993,11323,97,White or Caucasian,4,"Uh they are both talking to me at the same time, as per usual, so I would probably just be like, hey do you think this is right? (Re: historical & contemporary racial injustices) and then have them tell me what they think IS right.",Independent.,Self-Reliant.,Is curious.,Considerate.,,1,1,2,4,2,CC,A little similar,Very similar,5,7,-2,CC,Like a little,Like a lot,5,7,-2,7,6,7,7,6.75,7,6.5,6.5,7,0,0,0,0,0
37.75101,-97.822,8529,98,White or Caucasian,1,"People of different skin colors have been treated differently throughout history. Black people and other people of color have been treated badly and unfairly, and sometimes still are. These different races make us special and we have different experiences that we can learn from. White people need to notice when the rules give us an advantage and make sure that we help to make sure people of color get the same opportunities we do.",Independent.,Self-Reliant.,Has good manners.,Considerate.,,2,3,3,3,2.75,CC,A little dissimilar,Very similar,3,7,-4,CC,Like a little,Like a lot,5,7,-2,6,6,6,6,6,6,6,6,6,0,0,1,0,1
41.9928,-87.8054,6316,99,White or Caucasian,8,"People should be judged by who they are inside and how they treat others, not by what they look like. ",Independent.,Self-Reliant.,Has good manners.,Considerate.,,5,3,5,7,5,CB,Similar,Similar,6,6,0,CB,Like,Like,6,6,0,7,6,7,6,6.5,7,6,6.5,6.5,0,0,1,0,1
42.17599487,-87.80899811,9967,100,White or Caucasian,7,she would listen and ask questions,Respectful of Elders.,Self-Reliant.,Is curious.,Considerate.,,2,2,4,4,3,CC,A little dissimilar,Similar,3,6,-3,CC,Dislike,Like,2,6,-4,6,6,6,6,6,6,6,6,6,1,0,0,0,1
42.0094,-87.8354,7961,101,White or Caucasian,3,All students should be treat the same regardless of skin color. But We need to celebrate diversity.,Independent.,Self-Reliant.,Has good manners.,Well-behaved.,,4,2,5,4,3.75,CB,Similar,Neutral,6,4,2,CB,Like,Like a little,6,5,1,6,4,6,6,5.5,6,5,5,6,0,0,1,1,2
41.9927979,-87.805397,"7311, 7309",102,White or Caucasian,7,"Nobody is ever going to agree with you 100%.  Some people are jealous, some are hateful, and some are simply mean. ",Respectful of Elders.,Self-Reliant.,Has good manners.,Considerate.,,2,6,4,3,3.75,CB,Similar,Dissimilar,6,2,4,CB,Like,Dislike,6,2,4,7,1,7,1,4,7,1,4,4,1,0,1,0,2